№	Цена (тыс USD)	Площадь апарт-мента (м2)	Коли-чество комнат (шт)	Коли-чество ванных (шт)	Расстояние до пляжа (км)	Город	Год	Компа-ния	Номер	Приведен. Цена (тыс USD)	Приведен. Очищ. Цена (тыс USD)
1	22	29	1	1	1	Sosua		C21	2914	0,76	0,71
2	22	29	1	1	0,6	Sosua		C21	3139	0,76	0,71
3	25	27	1	1		Sosua		West	3361	0,93	0,86
4	27,5	38	1	1		Sosua		Coral	9107	0,72	0,67
5	27,5	60	1	1		Sosua		Coral	9073	0,46	0,43
6	28	50	1	1		Sosua		DR	4031	0,56	0,52
7	29,9	41	1	1		Sosua		Coral	8041	0,73	0,68
8	30	54	1	1		Sosua		West	3577	0,56	0,52
9	31	48	1	1	1	Sosua		C21	2912	0,65	0,6
10	32	41	1	1		Sosua		Coral	9106	0,78	0,73
11	32,5	35	1	1		Sosua		Coral	8020	0,93	0,86
12	32,5	52	1	1		Sosua		West	3576	0,63	0,58
13	33,9	33	1	1		Sosua		Coral	8045	1,03	0,96
14	34,5	40	1	1		Sosua		Coral	3032	0,86	0,8
15	35	35	1	1		Sosua		Coral	1024	1	0,93
16	35	38	1	1		Sosua		DR	4004	0,92	0,86
17	35	40	1	1		Sosua		Coral	6035	0,88	0,81
18	35,5	35	1	1		Sosua		Coral	8003	1,01	0,94
19	36	55	1	1		Sosua		Coral	9075	0,65	0,61
20	36	59	1	1	0,6	Sosua		C21	3127	0,61	0,57
21	36,9	35	1	1		Sosua		Coral	8037	1,05	0,98
22	37	34	1	1		Sosua		DR	1447	1,09	1,01
23	37	36	1	1		Sosua		Coral	43	1,03	0,96
24	37,5	30	1	1		Sosua		Coral	8044	1,25	1,16
25	38	32	1	1	1	Sosua		C21	1903	1,19	1,1
26	38,5	32	1	1		Sosua		Coral	7011	1,2	1,12
27	38,5	36	1	1		Sosua		Coral	8016	1,07	0,99
28	39	58	1	1	0,6	Sosua		C21	2569	0,67	0,63
29	39	65	1	2	1,8	Sosua		C21	2901	0,6	0,56
30	39,8	32	1	1		Sosua		Coral	8038	1,24	1,16
31	39,8	65	1	1		Sosua		Coral	9067	0,61	0,57
32	40	43	1	1		Sosua		West	3110	0,93	0,87
33	40	49	1	1		Sosua		West	3812	0,82	0,76
34	42	50	1	1		Sosua		Coral	8034	0,84	0,78
35	43	38	1	1		Cabarete		DR	3960	1,13	1,05
36	43	38	2	2	3	Sosua		C21	2681	1,13	1,05
37	44	51	1	1	1,2	Sosua		C21	2818	0,86	0,8
38	45	41	1	1		Sosua		DR	4003	1,1	1,02
39	45	50	1	1		Sosua		West	2249	0,9	0,84
40	45	51	1	1		Sosua		Coral	9092	0,88	0,82
41	45	58	1	1	1,3	Sosua		C21	2915	0,78	0,72
42	45	59	1	1		Sosua		West	3200	0,76	0,71
43	45	60	2	2		Sosua		West	3483	0,75	0,7
44	45	65	1	1		Sosua		DR	3770	0,69	0,64
45	45	65	1	1		Sosua		DR	3782	0,69	0,64
46	45	69	1	1	4	Sosua		C21	2474	0,65	0,61
47	45	70	1	1		Sosua		West	3534	0,64	0,6
48	46	65	1	1	1,8	Sosua		C21	2696	0,71	0,66
49	48	68	1	1	2	Sosua		C21	2687	0,71	0,66
50	48	70	1	1	2	Sosua		C21	2662	0,69	0,64
51	49	40	1	1	3	Sosua		C21	2874	1,23	1,14
52	49	50	1	1	1,5	Sosua		C21	2958	0,98	0,91
53	49	65	1	1	1	Sosua		C21	2910	0,75	0,7
54	49	70	1	1	2	Sosua		C21	2541	0,7	0,65
55	49,5	47	1	1	0,1	Cabarete		KI	452	1,05	0,98
№	Цена (тыс USD)	Площадь апарт-мента (м2)	Коли-чество комнат (шт)	Коли-чество ванных (шт)	Расстояние до пляжа (км)	Город	Год	Компа-ния	Номер	Приведен. Цена (тыс USD)	Приведен. Очищ. Цена (тыс USD)
56	49,5	50	1	1	0,2	Sosua		C21	3152	0,99	0,92
57	50	46	1	1		Cabarete		DR	3868	1,09	1,01
58	50	51	1	1		Sosua		West	3743	0,98	0,91
59	50	55	1	1		Sosua		DR	3927	0,91	0,85
60	50	65	1	1	1,8	Sosua		C21	2400	0,77	0,72
61	52	65	1	1		Sosua		West	3563	0,8	0,74
62	52	65	1	1	1,2	Sosua		C21	2816	0,8	0,74
63	52	69	1	1		Sosua		West	3811	0,75	0,7
64	52	80	2	1	0,8	Sosua		C21	2869	0,65	0,6
65	52,5	69	1	1	4	Sosua		C21	2519	0,76	0,71
66	54	81	2	1	5	Sosua		KI	434	0,67	0,62
67	54,9	40	1	1		Cabarete		Coral	6064	1,37	1,28
68	54,9	51	1	1		Sosua		Coral	9105	1,08	1
69	55	42	1	1		Cabarete		Coral	6192	1,31	1,22
70	55	44	1	1	1,5	Sosua		C21	3061	1,25	1,16
71	55	50	1	1		Cabarete		DR	1530	1,1	1,02
72	55	54	2	2		Sosua		Coral	9102	1,02	0,95
73	55	57	2	2	3,5	Sosua		C21	2904	0,96	0,9
74	55	57	1	1	1,2	Sosua		C21	3108	0,96	0,9
75	55	59	1	1		Sosua		West	1267	0,93	0,87
76	55	69	2	1	2	Sosua		C21	2251	0,8	0,74
77	55	80	1	1		Sosua		DR	4030	0,69	0,64
78	55	91	1	1	3	Sosua		C21	2697	0,6	0,56
79	57	60	1	1	1,5	Sosua		C21	1967	0,95	0,88
80	59	40	1	1		Sosua	2011	KI	403	1,48	1,37
81	59	46	1	1		Cabarete		Coral	8028	1,28	1,19
82	59	60	1	1		Sosua		Coral	8042	0,98	0,91
83	59	62	2	2		Sosua		Coral	9083	0,95	0,89
84	59	70	1	1		Sosua		Coral	8033	0,84	0,78
85	59	80	1	1	1	Sosua		C21	2280	0,74	0,69
86	60	44	1	1		Cabarete		Coral	8031	1,36	1,27
87	60	56	1	1		Sosua		Coral	9086	1,07	1
88	60	78	1	1	1,3	Sosua		C21	2893	0,77	0,72
89	60	80	1	1		Sosua		DR	80	0,75	0,7
90	60	81	2	1	1	Sosua		C21	2784	0,74	0,69
91	63	50	1	1		Sosua		West	3317	1,26	1,17
92	64	34	1	1		Cabarete		DR	3914	1,88	1,75
93	64	63	1	1		Sosua		DR	4058	1,02	0,94
94	65	60	2	1		Sosua		Coral	8046	1,08	1,01
95	65	62	1	1	0,8	Sosua		C21	3135	1,05	0,98
96	65	64	1	1	0,5	Sosua		KI	371	1,02	0,94
97	65	65	2	1		Sosua		Coral	9076	1	0,93
98	65	75	2	1,5		Cabarete		West	3757	0,87	0,81
99	65	80	1	1	1	Sosua		C21	2153	0,81	0,76
100	66	60	1	1		Sosua		Coral	90	1,1	1,02
101	66	60	1	1		Sosua		Coral	8005	1,1	1,02
102	66	60	1	1		Sosua		Coral	8006	1,1	1,02
103	67	65	1	1	2	Sosua		C21	2631	1,03	0,96
104	68	62	1	1		Sosua		Coral	8073	1,1	1,02
105	69	46	1	1		Cabarete		Coral	9048	1,5	1,4
106	69	46	1	1		Cabarete		Coral	9065	1,5	1,4
107	69	58	1	1	1	Sosua		C21	2669	1,19	1,11
108	69	70	1	1		Sosua		DR	2969	0,99	0,92
109	69	78	2	1		Sosua		Coral	106	0,88	0,82
110	69	80	1	1		Cabarete		DR	3946	0,86	0,8
№	Цена (тыс USD)	Площадь апарт-мента (м2)	Коли-чество комнат (шт)	Коли-чество ванных (шт)	Расстояние до пляжа (км)	Город	Год	Компа-ния	Номер	Приведен. Цена (тыс USD)	Приведен. Очищ. Цена (тыс USD)
111	69	80	1	1		Sosua		DR	71	0,86	0,8
112	69,9	58	1	1		Sosua		Coral	8039	1,21	1,12
113	69,9	79	1	1		Cabarete		Coral	101	0,88	0,82
114	69,9	81	1	1		Sosua		Coral	9063	0,86	0,8
115	69,9	91	1	1		Sosua		Coral	87	0,77	0,71
116	70	55	1	1,5	0,8	Sosua		C21		1,27	1,18
117	70	59	1	1	0,5	Sosua		KI	150	1,19	1,1
118	70	59	1	1	2	Sosua		C21	2167	1,19	1,1
119	70	60	1	1	1	Sosua		KI	376	1,17	1,09
120	70	68	1	1	1	Sosua		C21	2406	1,03	0,96
121	70	78	1	1,5		Sosua		C21	2038	0,9	0,83
122	70	80	2	2	1,5	Sosua		C21	2885	0,88	0,81
123	72	59	1	1		Cabarete		Coral	6112	1,22	1,13
124	73,5	50	1	1	0,1	Cabarete		C21	2888	1,47	1,37
125	74,9	61	1	1		Sosua		Coral	8047	1,23	1,14
126	74,9	91	1	1		Sosua		Coral	6194	0,82	0,77
127	75	50	1	1		Cabarete		Coral	27	1,5	1,4
128	75	53	1	1	0,1	Cabarete		C21	2814	1,42	1,32
129	75	54	1	1	0,2	Cabarete		C21	2636	1,39	1,29
130	75	55	1	1,5	0,8	Sosua		C21	2727	1,36	1,27
131	75	58	1	1	0,9	Sosua		C21	2249	1,29	1,2
132	75	59	1	1		Cabarete		DR	4002	1,27	1,18
133	75	62	1	1		Cabarete		Coral	8029	1,21	1,13
134	75	80	1	1	0,5	Cabarete		C21	3088	0,94	0,87
135	75	120	2	2		Sosua		Coral	8051	0,63	0,58
136	77	55	1	1		Cabarete		KI	353	1,4	1,3
137	77	55	1	1		Sosua		DR	3760	1,4	1,3
138	77	60	1	1		Sosua		Coral	8007	1,28	1,19
139	78	52	1	1		Sosua		KI	292	1,5	1,4
140	78	52	1	1	1	Sosua		KI	293	1,5	1,4
141	78	59	1	1		Sosua		Coral	8012	1,32	1,23
142	78	59	1	1		Sosua		Coral	8056	1,32	1,23
143	78	60	1	1	0,9	Sosua		C21	2601	1,3	1,21
144	78	64	1	1	0,1	Sosua		C21	2210	1,22	1,13
145	78	65	1	1		Sosua		DR	3771	1,2	1,12
146	79	50	1	1	1	Sosua		C21	1943	1,58	1,47
147	79	50	1	1	0,2	Sosua		C21	2124	1,58	1,47
148	79	55	1	1	1	Sosua		C21	1704	1,44	1,34
149	79	58	1	1	0,9	Sosua		C21	3021	1,36	1,27
150	79	60	1	1	0,5	Sosua		KI	416	1,32	1,22
151	79	65	1	1		Cabarete		Coral	8030	1,22	1,13
152	79	66	1	1		Sosua		Coral	3005	1,2	1,11
153	79	80	1	1		Cabarete		West	3391	0,99	0,92
154	79	90	2	1,5		Sosua		Coral	8065	0,88	0,82
155	79,5	55	1	1,5		Sosua		Coral	8023	1,45	1,34
156	80	40	1	1	0,1	Sosua		C21	3047	2	1,86
157	80	50	1	1		Cabarete		KI	340	1,6	1,49
158	80	55	1	1		Cabarete		West	2099	1,45	1,35
159	80	58	1	1	1	Sosua		C21	2836	1,38	1,28
160	80	59	1	1	0,2	Sosua		C21	2618	1,36	1,26
161	80	64	1	1	2,3	Sosua		KI	372	1,25	1,16
162	80	70	1	1		Sosua		DR	81	1,14	1,06
163	80	80	1	1	0,5	Sosua		C21	3046	1	0,93
164	80	83	2	2		Sosua		Coral	9087	0,96	0,9
165	80	90	2	2,5	0,7	Sosua		C21	2929	0,89	0,83
№	Цена (тыс USD)	Площадь апарт-мента (м2)	Коли-чество комнат (шт)	Коли-чество ванных (шт)	Расстояние до пляжа (км)	Город	Год	Компа-ния	Номер	Приведен. Цена (тыс USD)	Приведен. Очищ. Цена (тыс USD)
167	82	58	1	1	0,9	Sosua		C21	2184	1,41	1,31
168	82	58	1	1	0,9	Sosua		C21	2772	1,41	1,31
169	82	59	1	1		Sosua		West	3346	1,39	1,29
170	83,5	58	1	1	1	Sosua		C21	2865	1,44	1,34
171	83,5	59	1	1		Sosua		West	3745	1,42	1,32
172	84	56	1	1,5		Sosua		Coral	8071	1,5	1,4
173	84	59	1	1		Sosua		Coral	8027	1,42	1,32
174	84	100	1	2		Sosua		DR	1817	0,84	0,78
175	85	50	1	1	0,1	Cabarete		C21	1303	1,7	1,58
176	85	51	1	1		Cabarete		Coral	5026	1,67	1,55
177	85	54	1	1		Cabarete		DR	3975	1,57	1,46
178	85	57	1	1		Sosua		West	3716	1,49	1,39
179	85	62	1	1		Sosua		West	3645	1,37	1,28
180	85	62	1	1,5		Sosua		West	3644	1,37	1,28
181	85	70	1	1		Cabarete		Coral	6071	1,21	1,13
182	85	71	2		0,5	Cabarete		KI	205	1,2	1,11
183	85	75	2	1		Sosua		West	1268	1,13	1,05
184	85	99	4	4	0,5	Cabarete	2012	KI	415	0,86	0,8
185	85	125	2	2		Sosua		DR	2970	0,68	0,63
186	87	58	1	1	1	Sosua		C21	2984	1,5	1,4
187	89	64	1	1		Cabarete		West	1860	1,39	1,29
188	89	64	1	1		Cabarete		West	3589	1,39	1,29
189	89	65	1	1		Cabarete		DR	1532	1,37	1,27
190	89	75	1	1		Cabarete		DR	4077	1,19	1,1
191	89	80	1	1		Sosua		DR	4068	1,11	1,03
192	90	50	2	2	0,1	Cabarete		KI	274	1,8	1,67
193	90	50	1	1		Cabarete		DR	1288	1,8	1,67
194	90	54	1	1	0,1	Sosua		C21	3019	1,67	1,55
195	90	65	1	1		Cabarete		DR	880	1,38	1,29
196	90	97	2	2	0,4	Sosua		C21	2903	0,93	0,86
197	90	99	2	2		Sosua		Coral	9059	0,91	0,85
198	91	74	1	1		Cabarete		DR	3520	1,23	1,14
199	92	55	1	1,5		Sosua		Coral	8062	1,67	1,56
200	92	75	1	1	0,05	Sosua		C21	2780	1,23	1,14
201	92,5	75	1	1		Cabarete		Coral	6206	1,23	1,15
202	93	92	2	2		Cabarete		Coral	8026	1,01	0,94
203	95	50	1	1		Cabarete		West	3623	1,9	1,77
204	95	55	1	1	0,1	Cabarete		KI	348	1,73	1,61
205	95	60	1	1		Sosua		DR	3726	1,58	1,47
206	95	63	1	1,2	0,8	Sosua		C21	3150	1,51	1,4
207	95	65	1	1		Cabarete		DR	3959	1,46	1,36
208	95	65	1	1		Cabarete		Coral	9049	1,46	1,36
209	95	80	2	1		Sosua		KI	405	1,19	1,1
210	95	83	1	1		Cabarete		Coral	6183	1,14	1,06
211	95	131	2	1		Sosua		West	3579	0,73	0,67
212	97	48	1	1		Cabarete		Coral	9037	2,02	1,88
213	98	50	1	1		Cabarete		Coral	9001	1,96	1,82
214	98	50	1	1		Sosua		C21	1656	1,96	1,82
215	98	78	1	1	0,8	Sosua		C21	2013	1,26	1,17
216	98	87	1	1		Cabarete		DR	878	1,13	1,05
217	99	60	1	1		Cabarete		KI	315	1,65	1,53
218	99	60	1	1		Sosua		Coral	8021	1,65	1,53
219	99	65	1	1		Cabarete		C21	2577	1,52	1,42
220	99	66	1	1		Cabarete		DR	3857	1,5	1,4
221	99	70	1	1		Cabarete		DR	1504	1,41	1,32
№	Цена (тыс USD)	Площадь апарт-мента (м2)	Коли-чество комнат (шт)	Коли-чество ванных (шт)	Расстояние до пляжа (км)	Город	Год	Компа-ния	Номер	Приведен. Цена (тыс USD)	Приведен. Очищ. Цена (тыс USD)
222	99	70	1	1		Cabarete		C21	1992	1,41	1,32
223	99	80	2	2	2,5	Sosua		C21	2368	1,24	1,15
224	99	92	1	1	0,05	Cabarete		C21	3157	1,08	1
225	99	100	2	2		Sosua		Coral	6218	0,99	0,92
226	99	112	1	1,5		Sosua		Coral	9044	0,88	0,82
227	99	150	2	2		Sosua		DR	3842	0,66	0,61
228	99,5	58	1	1	0,2	Cabarete		C21	927	1,72	1,6
229	99,5	75	1	1		Cabarete		Coral	6196	1,33	1,23
230	99,5	85	2	1		Sosua		Coral	9029	1,17	1,09
231	100	70	1	1	0,5	Cabarete		C21	2473	1,43	1,33
232	100	130	2	2	1,5	Sosua		C21	2617	0,77	0,72
233	104	98	2	2		Sosua		DR	1414	1,06	0,99
234	104,2	64	1	1		Sosua		Coral	6231	1,63	1,51
235	105	51	1	1	0,1	Cabarete		C21	2036	2,06	1,91
236	105	52	1	1		Cabarete		Coral	6227	2,02	1,88
237	105	54	1	1		Cabarete		DR	1058	1,94	1,81
238	105	55	1	1		Sosua		Coral	8040	1,91	1,78
239	105	70	1	1		Cabarete		West	3066	1,5	1,4
240	105	100	2	2		Cabarete		Coral	6224	1,05	0,98
241	105	105	2	2		Cabarete		KI	356	1	0,93
242	106	72	1	1	0,1	Sosua		C21	2841	1,47	1,37
243	107	148	3	2	0,1	Sosua		C21	2402	0,72	0,67
244	108	80	1	1	0,2	Cabarete	1997	KI	450	1,35	1,26
245	109	54	1	1		Cabarete		KI	256	2,02	1,88
246	109	65	1	1		Cabarete		Coral	9050	1,68	1,56
247	109	65	1	1		Sosua		DR	991	1,68	1,56
248	109	71	1	1	0,1	Cabarete		C21	2926	1,54	1,43
249	109	75	2	1	0,1	Sosua		C21	2811	1,45	1,35
250	109,5	58	1	1		Cabarete		Coral	2027	1,89	1,76
251	110	51	1	1	0,1	Cabarete		C21	2654	2,16	2,01
252	110	66	2	1	0,8	Cabarete		C21	2770	1,67	1,55
253	110	66	2	1	0,8	Cabarete		C21	2769	1,67	1,55
254	110	71	1	1	0,1	Cabarete		C21		1,55	1,44
255	110	72	1	1	0,1	Cabarete		C21	2668	1,53	1,42
256	110	75	2	1	0,3	Cabarete		C21	2765	1,47	1,36
257	110	75	1	1		Cabarete		Coral	6253	1,47	1,36
258	110	76	2	1	0,5	Cabarete		C21	2750	1,45	1,35
259	110	79	1	1		Cabarete		Coral	6027	1,39	1,29
260	110	80	2	1		Cabarete		West	3671	1,38	1,28
261	110	87	2	1		Sosua		West	3518	1,26	1,18
262	110	89	1	1	0,1	Cabarete	2007	KI	451	1,24	1,15
263	110	94	1	1	0,2	Cabarete		C21	2860	1,17	1,09
264	110	101	2	2	0,1	Cabarete		C21	2766	1,09	1,01
265	110	127	2	2,5	0,8	Cabarete		C21	3066	0,87	0,81
266	110	130	2	2		Sosua		KI	409	0,85	0,79
267	112	72	1	1	0,1	Cabarete		C21	2223	1,56	1,45
268	112	72	2	2		Sosua		DR	3761	1,56	1,45
269	114	50	1	1		Sosua	2007	KI	410	2,28	2,12
270	114	64	1	1		Sosua		DR	3749	1,78	1,66
271	114	80	2	1	0,1	Cabarete		C21	2785	1,43	1,33
272	114,5	120	2	2		Sosua		Coral	6200	0,95	0,89
273	114,9	65	1	1		Cabarete		Coral	9032	1,77	1,64
274	115	50	2	2		Cabarete		DR	1423	2,3	2,14
275	115	54	2	1		Cabarete	2006	KI	200	2,13	1,98
276	115	54	1	1		Cabarete		DR	1059	2,13	1,98
№	Цена (тыс USD)	Площадь апарт-мента (м2)	Коли-чество комнат (шт)	Коли-чество ванных (шт)	Расстояние до пляжа (км)	Город	Год	Компа-ния	Номер	Приведен. Цена (тыс USD)	Приведен. Очищ. Цена (тыс USD)
277	115	65	1	1	0,1	Cabarete		C21	2285	1,77	1,65
278	115	65	1	1	0,1	Cabarete		C21	2848	1,77	1,65
279	115	72	1	1	0,1	Cabarete		C21	2917	1,6	1,49
280	115	72	2	1		Sosua		Coral	8024	1,6	1,49
281	115	80	2	1	0,1	Cabarete		C21	2296	1,44	1,34
282	115	83	1	1		Sosua		West	3798	1,39	1,29
283	115	86	2	2		Sosua		KI	234	1,34	1,24
284	115	105	2	2		Cabarete		Coral	6133	1,1	1,02
285	116	89	2	2		Cabarete		DR	1420	1,3	1,21
286	117	50	1	1	0,1	Cabarete		C21	846	2,34	2,18
287	117	95	2	2	0,1	Cabarete		C21	2905	1,23	1,15
288	117	97	2	2	0,5	Cabarete		C21	3070	1,21	1,12
289	118	128	2	2		Cabarete		West	3067	0,92	0,86
290	118	149	2	2,5	2	Cabarete		C21	3133	0,79	0,74
291	119	55	1	1	0,2	Cabarete		C21	3114	2,16	2,01
292	119	72	1	1		Cabarete		Coral	6240	1,65	1,54
293	119	120	3	2		Sosua		DR	4022	0,99	0,92
294	119,5	125	2	2	0,1	Cabarete	2005	KI	453	0,96	0,89
295	120	50	1	1		Cabarete		Coral	74	2,4	2,23
296	120	54	1	1		Cabarete	2006	KI	370	2,22	2,07
297	120	75	2	1		Sosua		West	3767	1,6	1,49
298	120	77	2	1	0,8	Sosua		C21	2951	1,56	1,45
299	120	88	2	2		Cabarete		West	3272	1,36	1,27
300	120	95	2	2		Cabarete		Coral	6066	1,26	1,17
301	120	105	2	2		Cabarete		West	3352	1,14	1,06
302	120	115	2	2	0,1	Cabarete		KI	215	1,04	0,97
303	120	120	2	1		Cabarete		West	2573	1	0,93
304	120	450	1	1		Sosua		Coral	6261	0,27	0,25
305	122	80	2	1	0,2	Cabarete		C21	2886	1,53	1,42
306	123	118	2	2		Cabarete		Coral	8202	1,04	0,97
307	124	75	2	1	0,1	Cabarete		C21	2794	1,65	1,54
308	124	164	2	2	0,1	Cabarete		C21	3156	0,76	0,7
309	125	60	2	2		Sosua		Coral	6243	2,08	1,94
310	125	61	2	2		Cabarete		West	2486	2,05	1,91
311	125	70	2	1		Cabarete		West	3729	1,79	1,66
312	125	71	1	1		Cabarete		Coral	8072	1,76	1,64
313	125	86	2	2		Cabarete		Coral	6229	1,45	1,35
314	125	88	1	1	0,1	Cabarete		C21	2501	1,42	1,32
315	125	89	2	2		Cabarete		Coral	6127	1,4	1,31
316	125	90	2	3		Sosua		DR	4069	1,39	1,29
317	125	99	1	2	0,2	Sosua		C21	2839	1,26	1,17
318	125	100	2	2	0,3	Cabarete		KI	361	1,25	1,16
319	125	196	3	3	0,2	Cabarete		C21	3142	0,64	0,59
320	129	50	1	1		Sosua		DR	874	2,58	2,4
321	129	65	1	1	0,2	Cabarete		C21	1944	1,98	1,85
322	129	80	2	1		Cabarete		C21	2000	1,61	1,5
323	129	86	1	1		Cabarete		Coral	6089	1,5	1,4
324	129	89	2	1		Cabarete		West	3573	1,45	1,35
325	129	89	1	1		Cabarete		C21	2409	1,45	1,35
326	129	89	2	2		Cabarete		Coral	6065	1,45	1,35
327	129	89	1	1		Cabarete		Coral	9090	1,45	1,35
328	129	120	2	2	0,3	Cabarete		KI	424	1,08	1
329	129	145	2	2		Sosua		DR	2960	0,89	0,83
330	129,5	71	1	1		Cabarete		Coral	6268	1,82	1,7
331	130	71	1	1		Cabarete		C21	2845	1,83	1,7
№	Цена (тыс USD)	Площадь апарт-мента (м2)	Коли-чество комнат (шт)	Коли-чество ванных (шт)	Расстояние до пляжа (км)	Город	Год	Компа-ния	Номер	Приведен. Цена (тыс USD)	Приведен. Очищ. Цена (тыс USD)
332	130	72	1	1		Sosua		DR	3996	1,81	1,68
333	130	90	2	2		Cabarete		DR	3866	1,44	1,34
334	130	110	2	2		Sosua		DR	1442	1,18	1,1
335	130	114	2	3	1	Cabarete		C21	2638	1,14	1,06
336	130	120	2	2		Cabarete		DR	1533	1,08	1,01
337	130	127	2	2		Sosua		DR	1709	1,02	0,95
338	130	130	2	2	0,3	Cabarete		KI	363	1	0,93
339	132	60	1	1		Sosua		West	3487	2,2	2,05
340	132	108	2	2		Cabarete		DR	2842	1,22	1,14
341	133	96	2	2		Sosua		DR	3637	1,39	1,29
342	134	58	1	1		Cabarete		Coral	6248	2,31	2,15
343	134	80	2	1		Cabarete		Coral	6257	1,68	1,56
344	134	222	1	1	0,2	Cabarete		C21	2724	0,6	0,56
345	135	57	1	1	0,1	Cabarete		C21	2892	2,37	2,2
346	135	58	2	2		Cabarete		KI	333	2,33	2,16
347	135	72	1	1		Cabarete		C21	3151	1,88	1,74
348	135	80	1	1	0,5	Cabarete		KI	431	1,69	1,57
349	135	80	2	1	0,1	Cabarete		C21	2052	1,69	1,57
350	135	80	2	1	0,1	Cabarete		C21	2964	1,69	1,57
351	135	90	1	1,5		Cabarete		West	2072	1,5	1,4
352	135	90	2	2		Cabarete		West	2097	1,5	1,4
353	135	90	1	1		Cabarete		Coral	9077	1,5	1,4
354	135	100	2	2		Cabarete		Coral	6103	1,35	1,26
355	135	100	2	2		Cabarete		Coral	6125	1,35	1,26
356	135	110	2	2		Sosua		Coral	8043	1,23	1,14
357	135	131	2	2		Sosua		Coral	9113	1,03	0,96
358	136	137	2	2	0,1	Cabarete		C21	3155	0,99	0,92
359	136	140	3	2		Sosua		C21	2819	0,97	0,9
360	136	262	1	1	0,1	Cabarete	2007	KI	401	0,52	0,48
361	137	57	1	1	0,2	Cabarete		C21	2286	2,4	2,24
362	138	90	2	2		Cabarete		DR	3852	1,53	1,43
363	138	90	2	2		Sosua		DR	3722	1,53	1,43
364	139	60	2	2		Cabarete		DR	3895	2,32	2,15
365	139	86	2	2		Cabarete		Coral	9019	1,62	1,5
366	139	93	2	2		Cabarete		DR	871	1,49	1,39
367	139	115	2	2		Sosua		Coral	1033	1,21	1,12
368	139	127	2	2		Sosua		West	3581	1,09	1,02
369	139	196	3	3	0,2	Cabarete		C21	2932	0,71	0,66
370	140	65	1	1		Cabarete		KI	341	2,15	2
371	140	89	1	1		Cabarete		West	3335	1,57	1,46
372	140	100	2	2		Cabarete		DR	1505	1,4	1,3
373	140	186	3	3		Sosua		Coral	9093	0,75	0,7
374	142	90	1	1,5		Sosua		Coral	6271	1,58	1,47
375	145	90	1	1		Cabarete		Coral	6223	1,61	1,5
376	145	95	2	1		Cabarete		C21	2665	1,53	1,42
377	145	107	2	2		Cabarete		C21	1646	1,36	1,26
378	145	108	2	2	0,5	Cabarete	2009	KI	307	1,34	1,25
379	145	108	2	2		Cabarete		DR	3923	1,34	1,25
380	145	131	2	2		Sosua		Coral	9112	1,11	1,03
381	145	140	2	2,5		Cabarete		Coral	9008	1,04	0,96
382	149	78	1	1		Cabarete		DR	1625	1,91	1,78
383	149	90	2	2		Cabarete		Coral	9117	1,66	1,54
384	149	95	2	1		Cabarete		C21	2312	1,57	1,46
385	149	118	2	2	0,2	Cabarete		C21	3149	1,26	1,17
386	149	127	2	2	0,4	Sosua		C21	2913	1,17	1,09
№	Цена (тыс USD)	Площадь апарт-мента (м2)	Коли-чество комнат (шт)	Коли-чество ванных (шт)	Расстояние до пляжа (км)	Город	Год	Компа-ния	Номер	Приведен. Цена (тыс USD)	Приведен. Очищ. Цена (тыс USD)
387	149	140	2	2		Cabarete		C21	2551	1,06	0,99
388	149	150	2	2	0,5	Sosua		DR	4117	0,99	0,92
389	149	188	2	2		Cabarete	2012	KI	425	0,79	0,74
390	149	290	3	3		Sosua		Coral	6225	0,51	0,48
391	149,9	122	2	2		Sosua		Coral	8014	1,23	1,14
392	150	64	1	1	0,5	Cabarete	2006	KI	374	2,34	2,18
393	150	94	2	1		Cabarete		C21	2813	1,6	1,48
394	150	110	1	1		Cabarete		DR	3956	1,36	1,27
395	150	112	1	1,5		Sosua		Coral	6188	1,34	1,25
396	150	113	2	2		Sosua		DR	866	1,33	1,23
397	150	129	2	2,5		Cabarete		Coral	9061	1,16	1,08
398	154,9	88	1	1		Cabarete		Coral	9115	1,76	1,64
399	155	86	2	2		Cabarete		C21	2499	1,8	1,68
400	155	108	2	2		Cabarete		West	3365	1,44	1,33
401	155	110	2	2		Sosua		Coral	8070	1,41	1,31
402	155	116	2	2	1,4	Sosua		C21	2759	1,34	1,24
403	157	65	1	1	0,1	Cabarete		KI	429	2,42	2,25
404	158	115	2	2		Sosua		Coral	4019	1,37	1,28
405	159	65	1	1	0,1	Cabarete		KI	257	2,45	2,27
406	159	115	2	2		Sosua		West	3580	1,38	1,29
407	159,9	95	2	1		Cabarete		Coral	6190	1,68	1,57
408	160	90	2	2		Cabarete		DR	1506	1,78	1,65
409	160	95	2	2		Cabarete		Coral	6275	1,68	1,57
410	160	110	2	2		Cabarete		DR	3934	1,45	1,35
411	160	115	2	2		Sosua		Coral	9041	1,39	1,29
412	160	124	1	1,5		Sosua		Coral	6235	1,29	1,2
413	160	127	2	2		Sosua		DR	873	1,26	1,17
414	160	131	2	2		Sosua		Coral	9108	1,22	1,14
415	160	186	2	2,5		Cabarete		C21	679	0,86	0,8
416	163	101	2	1		Cabarete		C21	2844	1,61	1,5
417	164	95	2	1,5		Cabarete		C21	1880	1,73	1,61
418	165	64	1	1		Cabarete	2006	KI	357	2,58	2,4
419	165	87	2,3	2,3		Cabarete		C21	2643	1,9	1,76
420	165	90	2	2		Sosua		Coral	6055	1,83	1,71
421	165	118	2	2		Cabarete	2000	KI	383	1,4	1,3
422	165	122	2	2,5		Sosua		West	2556	1,35	1,26
423	165	135	2	2		Sosua		West	2975	1,22	1,14
424	165	138	2	2	0,5	Sosua		C21	2348	1,2	1,11
425	165	140	3	2		Sosua		West	3378	1,18	1,1
426	165	188	2	2	0,5	Cabarete		KI	196	0,88	0,82
427	166	108	2	2		Cabarete		Coral	6072	1,54	1,43
428	166	129	2	2,5		Cabarete		West	2405	1,29	1,2
429	167	118	2	1,5		Cabarete		Coral	8201	1,42	1,32
430	169	95	2	1		Cabarete		C21	2714	1,78	1,65
431	169	100	2	1		Cabarete		C21	2991	1,69	1,57
432	170	96	2	2	0,1	Sosua		C21	2575	1,77	1,65
433	170	126	2	2		Sosua		DR	864	1,35	1,25
434	170	132	3	2		Cabarete		C21	2059	1,29	1,2
435	170	140	4	3		Sosua		Coral	8035	1,21	1,13
436	170	150	3	3		Sosua		West	3377	1,13	1,05
437	170	160	2	2		Sosua		West	3551	1,06	0,99
438	170	165	3	2,5		Cabarete		West	3680	1,03	0,96
439	171	71	1	1		Cabarete		West	3675	2,41	2,24
440	171	90	2	2		Cabarete	2006	KI	390	1,9	1,77
441	173	93	1	1		Cabarete		DR	3913	1,86	1,73
№	Цена (тыс USD)	Площадь апарт-мента (м2)	Коли-чество комнат (шт)	Коли-чество ванных (шт)	Расстояние до пляжа (км)	Город	Год	Компа-ния	Номер	Приведен. Цена (тыс USD)	Приведен. Очищ. Цена (тыс USD)
442	173	135	2	2		Sosua		DR	3921	1,28	1,19
443	174,8	110	2	2		Cabarete		Coral	6038	1,59	1,48
444	175	66	1	1		Sosua		West	3735	2,65	2,47
445	175	87	1	1		Cabarete		West	2538	2,01	1,87
446	175	93	2	1		Cabarete		West	3780	1,88	1,75
447	175	100	2	1		Cabarete		Coral	1031	1,75	1,63
448	175	112	2	2	0,4	Cabarete		C21	2760	1,56	1,45
449	175	115	2	2		Cabarete		C21	2433	1,52	1,42
450	175	117	2	3		Cabarete	2009	KI	428	1,5	1,39
451	175	165	3	2,5	0,8	Cabarete		C21	2887	1,06	0,99
452	175	170	2	2		Sosua		DR	1067	1,03	0,96
453	175,5	135	2	2		Sosua	2010	KI	346	1,3	1,21
454	175,5	230	2	3		Sosua		KI	350	0,76	0,71
455	176	73	1	1		Cabarete		Coral	9036	2,41	2,24
456	176,5	101	2	1		Cabarete		Coral	9069	1,75	1,63
457	177	76	1	1	0,1	Cabarete		KI	343	2,33	2,17
458	179	89	2	1		Sosua		Coral	8022	2,01	1,87
459	179	127	2	2		Sosua		Coral	9040	1,41	1,31
460	179	138	2	2,5		Cabarete		Coral	6262	1,3	1,21
461	180	65	1	1	0,1	Cabarete		C21	2866	2,77	2,58
462	180	88	2	2	0,2	Cabarete		KI	334	2,05	1,9
463	180	98	2	2		Cabarete		C21	1809	1,84	1,71
464	180	120	2	2	0,3	Cabarete		KI	364	1,5	1,4
465	181	87	1	1		Cabarete		Coral	7009	2,08	1,93
466	185	73	1	1		Sosua		C21	2922	2,53	2,36
467	185	121	2	2		Sosua		DR	1936	1,53	1,42
468	185	123	2	3		Sosua		DR	3970	1,5	1,4
469	185	123	2	2		Sosua		Coral	8052	1,5	1,4
470	185	124	2	2		Cabarete		C21	1950	1,49	1,39
471	185	125	2	2		Cabarete		DR	1416	1,48	1,38
472	185	145	2	2		Cabarete		West	2754	1,28	1,19
473	185	145	2	2		Cabarete		Coral	6191	1,28	1,19
474	185	150	2	2		Cabarete		West	2590	1,23	1,15
475	186	160	1	1		Cabarete		DR	862	1,16	1,08
476	187	58	1	1		Cabarete		C21	2332	3,22	3
477	187	134	2	2		Cabarete		KI	265	1,4	1,3
478	187,7	93	2	1		Cabarete		West	3426	2,02	1,88
479	189	55	3	2		Sosua		DR	75	3,44	3,2
480	189	127	2	2		Sosua		Coral	75	1,49	1,38
481	189	140	2	2		Cabarete		Coral	5012	1,35	1,26
482	189	206	3	2		Sosua		DR	860	0,92	0,85
483	190	84	1	1		Sosua		C21	3134	2,26	2,1
484	190	102	2	2		Sosua		West	3373	1,86	1,73
485	190	166	2	2,5		Cabarete		C21	2715	1,14	1,06
486	194	102	1	1	0,1	Cabarete		C21	2973	1,9	1,77
487	194	152	3	2		Sosua		DR	3920	1,28	1,19
488	194	153	3	2		Sosua		West	2983	1,27	1,18
489	195	74	1	1		Sosua		Coral	8017	2,64	2,45
490	195	90	2	2		Cabarete		KI	358	2,17	2,02
491	195	93	2	1	0,1	Cabarete		C21	2712	2,1	1,95
492	195	95	2	1	0,1	Cabarete		C21	1688	2,05	1,91
493	195	102	2	2		Sosua		Coral	8060	1,91	1,78
494	195	113	2	2	0,4	Cabarete		C21	2808	1,73	1,6
495	195	121	2	2		Cabarete		West	1999	1,61	1,5
496	195	650	2	2		Sosua		KI	299	0,3	0,28
№	Цена (тыс USD)	Площадь апарт-мента (м2)	Коли-чество комнат (шт)	Коли-чество ванных (шт)	Расстояние до пляжа (км)	Город	Год	Компа-ния	Номер	Приведен. Цена (тыс USD)	Приведен. Очищ. Цена (тыс USD)
497	197	85	1	1		Cabarete	2007	KI	332	2,32	2,16
498	199	83	1	1		Cabarete	2003	KI	338	2,4	2,23
499	199	104	2	2	0,1	Cabarete		C21	2393	1,91	1,78
500	199	110	2	1		Cabarete		KI	440	1,81	1,68
501	199	112	2	2		Cabarete		Coral	6132	1,78	1,65
502	199	115	2	2,5		Cabarete		West	2504	1,73	1,61
503	199	115	2	2		Cabarete		Coral	6075	1,73	1,61
504	199	130	3	2,5		Sosua	2015	DR	4114	1,53	1,42
505	199	140	2	2		Sosua		KI	294	1,42	1,32
506	199	155	2	2		Sosua		Coral	8059	1,28	1,19
507	199	160	3	2		Sosua		DR	1455	1,24	1,16
508	200	88	2	2	0,1	Cabarete		C21	2154	2,27	2,11
509	200	115	2	2		Cabarete		DR	3901	1,74	1,62
510	200	136	2	2,5		Cabarete		West	2269	1,47	1,37
511	200	140	2	2		Cabarete		DR	3867	1,43	1,33
512	205	120	2	2	0,1	Cabarete		C21	2979	1,71	1,59
513	205	172	3	2		Cabarete	2009	KI	427	1,19	1,11
514	210	82	1	1		Sosua		Coral	9114	2,56	2,38
515	210	112	2	2	0,1	Cabarete		C21	2977	1,88	1,74
516	210	125	2	2		Cabarete		Coral	115	1,68	1,56
517	210	139	2	2		Sosua		Coral	8036	1,51	1,41
518	210	145	2	2		Cabarete		West	2122	1,45	1,35
519	210	150	2	2		Sosua	2009	KI	454	1,4	1,3
520	214	112	2	2		Sosua		DR	4048	1,91	1,78
521	215	87	1	1		Cabarete		Coral	6119	2,47	2,3
522	215	102	2	2,5		Cabarete		West	3459	2,11	1,96
523	215	105	2	2		Sosua		Coral	9100	2,05	1,9
524	215	123	2	2		Cabarete		Coral	6101	1,75	1,63
525	218	160	2	2		Cabarete		Coral	6182	1,36	1,27
526	219	110	2	2,5		Cabarete		Coral	6207	1,99	1,85
527	219	144	3	3	0,3	Cabarete		C21	2600	1,52	1,41
528	219,9	110	2	2		Sosua		Coral	6273	2	1,86
529	220	80	1	1		Sosua		DR	4016	2,75	2,56
530	220	100	1	2	0,5	Sosua			2663	2,2	2,05
531	220	101	2	2		Sosua		Coral	24	2,18	2,03
532	220	104	2	2		Cabarete		C21	2392	2,12	1,97
533	220	112	2	2		Cabarete		C21	1730	1,96	1,83
534	220	112	1	2		Sosua		West	3761	1,96	1,83
535	220	150	2	2		Cabarete		West	3598	1,47	1,36
536	220	150	2	2		Cabarete		West	3750	1,47	1,36
537	222	131	2	2		Cabarete		C21	2653	1,69	1,58
538	223	122	2	2	0,1	Cabarete		C21	2634	1,83	1,7
539	223	135	2	2		Cabarete		West	3634	1,65	1,54
540	225	90	2	2		Cabarete		Coral	6230	2,5	2,33
541	225	95	2	2		Cabarete		Coral	6099	2,37	2,2
542	225	101	2	1	0,1	Cabarete		C21	3102	2,23	2,07
543	225	102	2	2		Cabarete		West	1077	2,21	2,05
544	225	107	2	2	0,3	Cabarete		C21	2870	2,1	1,96
545	225	120	2	2	0,1	Cabarete		C21	1663	1,88	1,74
546	225	135	3	3		Sosua	2008	KI	398	1,67	1,55
547	225	136	2	2	1	Cabarete		C21	2349	1,65	1,54
548	226	122	2	2,5		Cabarete		West	3666	1,85	1,72
549	228	140	2	2		Cabarete		Coral	6265	1,63	1,51
550	229	90	1	1		Cabarete		DR	1111	2,54	2,37
551	229	112	2	2		Cabarete		C21	2909	2,04	1,9
№	Цена (тыс USD)	Площадь апарт-мента (м2)	Коли-чество комнат (шт)	Коли-чество ванных (шт)	Расстояние до пляжа (км)	Город	Год	Компа-ния	Номер	Приведен. Цена (тыс USD)	Приведен. Очищ. Цена (тыс USD)
552	229	188	2,5	3,5	0,1	Cabarete		C21	2796	1,22	1,13
553	229	279	2	2	0,9	Sosua		C21	1559	0,82	0,76
554	230	89	2	1		Sosua		KI	433	2,58	2,4
555	230	110	2	2		Sosua		C21	2953	2,09	1,94
556	230	112	2	2		Cabarete		C21	2333	2,05	1,91
557	230	150	2	2		Sosua		Coral	6258	1,53	1,43
558	230	161	3	3,5	0,1	Cabarete		C21	2375	1,43	1,33
559	230	166	2	2		Sosua		West	3617	1,39	1,29
560	232	100	2	2		Cabarete		DR	3945	2,32	2,16
561	232	159	2	2		Sosua		DR	858	1,46	1,36
562	232	159	2	2		Sosua		DR	1086	1,46	1,36
563	235	102	2	2		Cabarete		West	1076	2,3	2,14
564	235	105	2	2,5	0,1	Sosua		C21	2871	2,24	2,08
565	235	112	2	2		Cabarete		West	2945	2,1	1,95
566	235	116	2	2,5		Cabarete		West	3749	2,03	1,88
567	235	127	2	2		Cabarete		C21	2900	1,85	1,72
568	235	205	2	2,5		Cabarete		DR	3843	1,15	1,07
569	237	118	2	1		Cabarete		Coral	9034	2,01	1,87
570	238	127	2	2		Cabarete		KI	384	1,87	1,74
571	239	106	2	2		Cabarete	2009	KI	198	2,25	2,1
572	239	108	2	2		Cabarete		Coral	4056	2,21	2,06
573	239	120	2	2		Cabarete		Coral	5016	1,99	1,85
574	239	133	2	2		Cabarete		Coral	9038	1,8	1,67
575	239	150	3	1,5	1,5	Cabarete		C21	3128	1,59	1,48
576	239	152	2	2	0,1	Cabarete		C21	2890	1,57	1,46
577	239,5	110	2	2		Cabarete		Coral	5044	2,18	2,02
578	240	92	2	2	0,3	Cabarete		C21	3012	2,61	2,43
579	240	100	2	1		Cabarete		Coral	137	2,4	2,23
580	240	128	3	2		Cabarete		DR	3912	1,88	1,74
581	240	143	2	2,5		Sosua		Coral	6244	1,68	1,56
582	240	198	3	4	0,4	Cabarete		KI	420	1,21	1,13
583	240	198	3	3,5		Cabarete		West	3436	1,21	1,13
584	240	230	3	3,5		Cabarete		Coral	9012	1,04	0,97
585	243	128	2	2		Cabarete		DR	854	1,9	1,77
586	243	128	2	2		Cabarete		DR	855	1,9	1,77
587	245	100	2	2		Cabarete		DR	3892	2,45	2,28
588	245	105	2	2		Cabarete		Coral	116	2,33	2,17
589	245	117	2	2,5		Sosua		C21	2976	2,09	1,95
590	245	122	2	2		Cabarete		DR	964	2,01	1,87
591	245	126	2	2		Cabarete		DR	2453	1,94	1,81
592	245	128	2	2	0,1	Sosua		C21	2489	1,91	1,78
593	245	145	2	2	0,5	Sosua		C21	2318	1,69	1,57
594	247	101	1	1		Sosua		Coral	6250	2,45	2,27
595	248	99	2	2		Cabarete		West	3322	2,51	2,33
596	249	45	1	1		Cabarete		Coral	6062	5,53	5,15
597	249	83	1	1		Cabarete		DR	1094	3	2,79
598	249	83	1	1		Cabarete		DR	2452	3	2,79
599	249	90	2	2		Cabarete		Coral	9072	2,77	2,57
600	249	100	3	1,5		Cabarete		West	3689	2,49	2,32
601	249	102	2	1,5		Cabarete		C21	3104	2,44	2,27
602	249	112	2	2		Cabarete		C21	2954	2,22	2,07
603	249	120	2	2		Cabarete		C21	1857	2,08	1,93
604	249	120	2	2		Cabarete		C21	3109	2,08	1,93
605	249	128	2	2		Cabarete		DR	3860	1,95	1,81
606	249	145	3	2		Cabarete		C21	2933	1,72	1,6
№	Цена (тыс USD)	Площадь апарт-мента (м2)	Коли-чество комнат (шт)	Коли-чество ванных (шт)	Расстояние до пляжа (км)	Город	Год	Компа-ния	Номер	Приведен. Цена (тыс USD)	Приведен. Очищ. Цена (тыс USD)
607	249	146	2	2,5		Cabarete		C21	2428	1,71	1,59
608	249	160	2	2		Cabarete		KI	442	1,56	1,45
609	249	237	3	1,5		Cabarete		Coral	9088	1,05	0,98
610	249	320	4	3		Cabarete		Coral	9051	0,78	0,72
611	249,75	120	2	2		Cabarete		C21	2972	2,08	1,94
612	249,9	120	2	2		Cabarete		C21	2799	2,08	1,94
613	250	112	2	2		Cabarete		C21	2971	2,23	2,08
614	250	150	2	2		Sosua		C21	2817	1,67	1,55
615	250	184	2	3		Sosua		DR	1052	1,36	1,26
616	250	198	3	3,5		Cabarete		West	2804	1,26	1,17
617	250	400	3	3		Sosua		DR	4000	0,63	0,58
618	255	85	1	1		Cabarete	2011	KI	298	3	2,79
619	255	104	2	2	0,1	Cabarete		C21	2650	2,45	2,28
620	255	112	1	1,5		Sosua		C21	2921	2,28	2,12
621	255,9	140	2	2		Cabarete		Coral	6264	1,83	1,7
622	256	116	3	2,5		Cabarete		West	3460	2,21	2,05
623	256	122	2	2		Cabarete		C21	2827	2,1	1,95
624	258	120	2	2		Cabarete		C21	2372	2,15	2
625	259	125	2	2		Cabarete		Coral	6092	2,07	1,93
626	259	127				Cabarete		Coral	6226	2,04	1,9
627	259	152	2	2		Cabarete		C21	2896	1,7	1,58
628	259,5	120	2	2		Cabarete		C21	2970	2,16	2,01
629	259,9	101	2	1		Sosua		Coral	8053	2,57	2,39
630	260	115	2	2		Cabarete	2008	KI	306	2,26	2,1
631	260	145	2	2		Cabarete		C21	2941	1,79	1,67
632	261,5	113	2	2		Cabarete		Coral	3009	2,31	2,15
633	265	165	3	3,5		Cabarete		Coral	6236	1,61	1,49
634	265	191	3	3,5		Cabarete		C21	2895	1,39	1,29
635	267	116	3	2		Cabarete	2007	KI	266	2,3	2,14
636	268	151	3	3		Sosua		DR	3752	1,77	1,65
637	268	231	1	1	0,5	Cabarete		C21	2536	1,16	1,08
638	269	90	1	1		Sosua	2005	KI	344	2,99	2,78
639	269	117	2	3		Sosua	2011	KI	408	2,3	2,14
640	269	120	2	2		Sosua		DR	978	2,24	2,08
641	269	128	2	2		Sosua		DR	2864	2,1	1,95
642	269	137	3	2,5		Cabarete		C21	2364	1,96	1,83
643	269	183	3	2		Cabarete		C21	2858	1,47	1,37
644	269	190	3	3,5		Cabarete		West	3575	1,42	1,32
645	269	205	2	2		Cabarete		West	2199	1,31	1,22
646	269	220	2	2		Sosua		Coral	6260	1,22	1,14
647	270	230	3	3,5		Sosua		Coral	71	1,17	1,09
648	270	234	3	3		Cabarete		Coral	6219	1,15	1,07
649	275	104	2	2		Sosua		West	2887	2,64	2,46
650	275	117	2	2		Sosua		Coral	9084	2,35	2,19
651	275	120	2	2		Cabarete		Coral	6234	2,29	2,13
652	275	125	2	2		Cabarete		Coral	6217	2,2	2,05
653	275	126	2	2		Cabarete		Coral	6116	2,18	2,03
654	275	128	2	2		Sosua		West	3796	2,15	2
655	275	130	2,5	2,5		Cabarete		C21	641	2,12	1,97
656	275	130	2	2		Cabarete		C21	1470	2,12	1,97
657	275	138	2	2		Cabarete		C21	2803	1,99	1,85
658	275	139	2	2		Cabarete		West	3717	1,98	1,84
659	275	139	3	2		Sosua		Coral	6245	1,98	1,84
660	275	145	2	2		Sosua		DR	3944	1,9	1,76
661	275	166	2	2		Sosua		Coral	9103	1,66	1,54
№	Цена (тыс USD)	Площадь апарт-мента (м2)	Коли-чество комнат (шт)	Коли-чество ванных (шт)	Расстояние до пляжа (км)	Город	Год	Компа-ния	Номер	Приведен. Цена (тыс USD)	Приведен. Очищ. Цена (тыс USD)
662	275	176	2	2,5		Sosua		Coral	6193	1,56	1,45
663	275	196	3	3		Cabarete		C21	2411	1,4	1,3
664	276	112	1	1,5		Sosua		Coral	4054	2,46	2,29
665	278	116	2	2		Sosua		C21	2415	2,4	2,23
666	278	153	2	2,5		Sosua		DR	3999	1,82	1,69
667	279	102	2	2		Cabarete		KI	312	2,74	2,54
668	279	137	3	3		Cabarete		West	2437	2,04	1,89
669	279	140	2	2		Sosua		Coral	6222	1,99	1,85
670	279	200	3	3,5		Cabarete		DR	3896	1,4	1,3
671	279	220	3	3		Cabarete		DR	3877	1,27	1,18
672	279	250	2	2		Cabarete		DR	3899	1,12	1,04
673	280	112	2	2		Cabarete		Coral	4048	2,5	2,33
674	280	140	2	2,5		Cabarete		C21	1449	2	1,86
675	281	112	1	1,5		Sosua		Coral	4053	2,51	2,33
676	284	118	2	1		Cabarete		West	3425	2,41	2,24
677	285	130	3	3		Cabarete		Coral	9052	2,19	2,04
678	285	149	2,5	4		Sosua		C21	3023	1,91	1,78
679	285	160	2	2		Cabarete		DR	1103	1,78	1,66
680	285	206	2	2,5		Sosua		Coral	6267	1,38	1,29
681	286	152	3	3		Sosua	2011	KI	369	1,88	1,75
682	286	152	2	2,5		Sosua		West	2319	1,88	1,75
683	286	153	2	2,5		Sosua		Coral	6186	1,87	1,74
684	289	148	2	2		Sosua		C21	2505	1,95	1,82
685	289	150	2	2		Cabarete		West	3343	1,93	1,79
686	289	162	2	2,5		Sosua		West	2320	1,78	1,66
687	289	189	3	2,5		Sosua		Coral	6259	1,53	1,42
688	289	800	8	8	0,1	Sosua	2008	KI	439	0,36	0,34
689	290	85	1	1		Cabarete		West	3393	3,41	3,17
690	290	102	2	1,2		Cabarete		C21	2968	2,84	2,64
691	290	157	2	2,5		Cabarete		C21	2552	1,85	1,72
692	290	158	2	2		Sosua		Coral	6098	1,84	1,71
693	290	159	2	2		Cabarete		Coral	6116	1,82	1,7
694	290	159	2	2,5		Sosua		DR	3988	1,82	1,7
695	290	160	2,5	2		Cabarete		DR	3984	1,81	1,69
696	290	160	2	2,5		Cabarete		Coral	6060	1,81	1,69
697	295	85	1	1		Cabarete		West	3394	3,47	3,23
698	295	100	1	1		Cabarete		DR	3941	2,95	2,74
699	295	125	2	2		Cabarete		Coral	6033	2,36	2,19
700	295	125	2	2		Cabarete		Coral	6045	2,36	2,19
701	295	125	2	2		Cabarete		Coral	6046	2,36	2,19
702	295	150	2	2		Cabarete		Coral	6254	1,97	1,83
703	295	183	3	2		Cabarete		Coral	6026	1,61	1,5
704	295	250	6	4		Sosua		DR		1,18	1,1
705	299	120	2	2		Cabarete		C21	2809	2,49	2,32
706	299	145	2	2		Cabarete		West	3608	2,06	1,92
707	299	148	2	2		Sosua		Coral	8221	2,02	1,88
708	299	150	2	2		Cabarete		Coral	81	1,99	1,85
709	299	160	3	2		Sosua		DR	3841	1,87	1,74
710	299	162	2	2,5		Sosua		Coral	6184	1,85	1,72
711	299	176	2	2,5		Sosua		Coral	6215	1,7	1,58
712	299	192	2	2,5		Sosua		C21	2385	1,56	1,45
713	299	220	3	3		Cabarete		DR	1458	1,36	1,26
714	299,5	155	2	2		Cabarete		Coral	6202	1,93	1,8
715	300	120	2	2		Cabarete		Coral	4038	2,5	2,33
716	300	124	2	2		Cabarete		Coral	9005	2,42	2,25
№	Цена (тыс USD)	Площадь апарт-мента (м2)	Коли-чество комнат (шт)	Коли-чество ванных (шт)	Расстояние до пляжа (км)	Город	Год	Компа-ния	Номер	Приведен. Цена (тыс USD)	Приведен. Очищ. Цена (тыс USD)
717	300	134	2	2		Cabarete		C21	2667	2,24	2,08
718	300	140	2	2		Cabarete		Coral	6032	2,14	1,99
719	300	152	2	2		Cabarete		West	2957	1,97	1,84
720	300	159	2	2,5		Sosua		DR	3987	1,89	1,75
721	300	175	3	3		Sosua		Coral	6128	1,71	1,59
722	305	153	2	2		Cabarete		Coral	3028	1,99	1,85
723	305	160	2	2,5		Cabarete		Coral	6052	1,91	1,77
724	306	160	2	2		Cabarete		KI	204	1,91	1,78
725	310	140	2	2,5		Cabarete		Coral	6209	2,21	2,06
726	319	147	3	2		Cabarete		West	2897	2,17	2,02
727	320	140	4	2		Sosua		West	3602	2,29	2,13
728	320	144	2	2		Cabarete		West	3161	2,22	2,07
729	320	159	2	2,5	0,1	Cabarete		C21	2920	2,01	1,87
730	322	159	2	2,5		Sosua		DR	3989	2,03	1,88
731	325	120	2	1		Cabarete	2008	KI	335	2,71	2,52
732	325	125	1	1		Cabarete		KI	160	2,6	2,42
733	325	128	2	2		Cabarete		C21	2087	2,54	2,36
734	325	160	2	2		Cabarete		DR	1569	2,03	1,89
735	325	177	2	2		Sosua		DR	1503	1,84	1,71
736	326	135	2	2		Cabarete		West	3676	2,41	2,25
737	329	148	2	2		Sosua		West	3498	2,22	2,07
738	330	132	2	2		Cabarete		Coral	9079	2,5	2,33
739	330	142	3	2		Sosua		Coral	6056	2,32	2,16
740	330	145	2	2		Cabarete		West	3388	2,28	2,12
741	330	155	2	2		Cabarete		West	3638	2,13	1,98
742	330	198	3	3		Cabarete		West	2503	1,67	1,55
743	330	198	3	2,5		Cabarete		Coral	6076	1,67	1,55
744	330	210	3	3,5		Cabarete		Coral	9002	1,57	1,46
745	333	102	2	2		Cabarete		West	3477	3,26	3,04
746	333	145	2	2		Sosua		KI	283	2,3	2,14
747	333	162	2	2,5		Cabarete		West	3670	2,06	1,91
748	335	128	2	2		Cabarete		C21	2063	2,62	2,43
749	335	160	2	2,5		Cabarete		Coral	9116	2,09	1,95
750	335	260	3	2		Cabarete		DR	3953	1,29	1,2
751	336	173	3	3		Cabarete		West	3667	1,94	1,81
752	339	199	2	2,5		Sosua		Coral	8064	1,7	1,58
753	340	120	2	1		Cabarete		KI	443	2,83	2,64
754	340	136	2	2		Cabarete		Coral	9110	2,5	2,33
755	340	221	3	3		Sosua		C21	2006	1,54	1,43
756	340	226	3	3		Sosua		DR	3751	1,5	1,4
757	340	228	3	3		Sosua		West	2039	1,49	1,39
758	344	143	2	1		Cabarete		West	3424	2,41	2,24
759	346	196	3	3,5		Sosua		DR	3994	1,77	1,64
760	349	125	2	2		Sosua		DR	4089	2,79	2,6
761	349	128	2	1		Cabarete		DR	1186	2,73	2,54
762	349	146	2	2		Cabarete		DR	1091	2,39	2,22
763	349	158	3	2		Sosua		DR	1205	2,21	2,05
764	349	159	2	2,5		Sosua		West	3728	2,19	2,04
765	349	183	3	2		Cabarete		Coral	6246	1,91	1,77
766	349	195	3	2		Sosua		West	3763	1,79	1,66
767	349	198	3	2		Sosua		C21	2587	1,76	1,64
768	350	166	2	2		Sosua		Coral	3033	2,11	1,96
769	350	167	3	3,5		Sosua		Coral	6204	2,1	1,95
770	350	178	3	2,5		Cabarete		C21	2547	1,97	1,83
771	350	196	3	3		Cabarete		C21	2434	1,79	1,66
№	Цена (тыс USD)	Площадь апарт-мента (м2)	Коли-чество комнат (шт)	Коли-чество ванных (шт)	Расстояние до пляжа (км)	Город	Год	Компа-ния	Номер	Приведен. Цена (тыс USD)	Приведен. Очищ. Цена (тыс USD)
772	350	279	2	2	0,5	Sosua		KI	300	1,25	1,17
773	350	344	2	2		Cabarete		Coral	5011	1,02	0,95
774	355	147	3	3		Cabarete		West	3677	2,41	2,25
775	356	130	2	2		Cabarete	1990	KI	276	2,74	2,55
776	356	197	3	3,5		Sosua		West	2318	1,81	1,68
777	358,5	145	2	2		Sosua		Coral	8049	2,47	2,3
778	359	160	2	2,5		Cabarete		C21	2846	2,24	2,09
779	360	117	2	2		Sosua		C21	2097	3,08	2,86
780	360	166	3	3		Sosua		C21	2744	2,17	2,02
781	367	158	3	2		Cabarete		DR	3955	2,32	2,16
782	369	140	2	2,5		Cabarete		C21	1553	2,64	2,45
783	369	330	4	3		Cabarete		DR	4034	1,12	1,04
784	375	146	2	2		Cabarete		DR	1092	2,57	2,39
785	375	170	2	2		Cabarete		DR	3885	2,21	2,05
786	375	192	4	4		Sosua		West	3746	1,95	1,82
787	375	199	3	3		Cabarete		DR	4053	1,88	1,75
788	375	265	4	4		Sosua		C21	1896	1,42	1,32
789	378	174	3	3,5		Cabarete		DR	3949	2,17	2,02
790	379	163	3	3		Cabarete		DR	3933	2,33	2,16
791	380	150	2	2		Cabarete		KI	345	2,53	2,36
792	380	165	2	2		Cabarete		DR	3882	2,3	2,14
793	380	200	2	2,5		Sosua		West	3193	1,9	1,77
794	382,5	153	2	2		Sosua		Coral	9014	2,5	2,33
795	384	128	2	2		Sosua		West	3521	3	2,79
796	385	85	1	1		Cabarete		Coral	9015	4,53	4,21
797	385	195	3	3		Cabarete		Coral	4018	1,97	1,84
798	387	115	2	2		Sosua		Coral	9056	3,37	3,13
799	389	128	2	2		Sosua		DR	4045	3,04	2,83
800	389	153	2	2,5		Sosua		Coral	6263	2,54	2,36
801	390	240	3	3		Sosua		West	3609	1,63	1,51
802	394	158	3	3		Cabarete		Coral	9109	2,49	2,32
803	395	150	2	2		Sosua		DR	1679	2,63	2,45
804	395	185	3	2,5		Sosua		Coral	9018	2,14	1,99
805	395	214	2	2,5		Sosua		C21	3113	1,85	1,72
806	395	214	2	2,5		Sosua		Coral	8080	1,85	1,72
807	395	222	3	3		Cabarete		Coral	6239	1,78	1,65
808	399	128	2	2		Sosua		C21	2660	3,12	2,9
809	399	160	2	2,5		Cabarete		Coral	6256	2,49	2,32
810	399	165	3	2		Cabarete		DR	1110	2,42	2,25
811	399	165	2	2		Cabarete		Coral	6195	2,42	2,25
812	399	170	3	3		Cabarete		DR	3887	2,35	2,18
813	399	226	3	3		Sosua		DR	3753	1,77	1,64
814	399	230	2	2		Cabarete		DR	3869	1,73	1,61
815	399	249	3	4,5		Cabarete		C21	2857	1,6	1,49
816	400	198	3	2,5		Cabarete		DR	3900	2,02	1,88
817	405	160	2	2		Cabarete		West	3741	2,53	2,35
818	405	198	3	2		Cabarete		C21	2899	2,05	1,9
819	405	234	3	3		Cabarete		C21	1982	1,73	1,61
820	419	146	2	2		Cabarete		DR	1957	2,87	2,67
821	419	180	2	2		Cabarete		KI	382	2,33	2,16
822	425	156	2	2		Cabarete		C21	2963	2,72	2,53
823	425	160	2	2		Cabarete		West	2881	2,66	2,47
824	425	185	3	3		Cabarete		DR	3886	2,3	2,14
825	429	156	4	3,5		Sosua		DR	2887	2,75	2,56
826	429	212	3	3		Cabarete		DR	965	2,02	1,88
№	Цена (тыс USD)	Площадь апарт-мента (м2)	Коли-чество комнат (шт)	Коли-чество ванных (шт)	Расстояние до пляжа (км)	Город	Год	Компа-ния	Номер	Приведен. Цена (тыс USD)	Приведен. Очищ. Цена (тыс USD)
827	429	234	3	3		Cabarete		C21	2800	1,83	1,71
828	435	128	2	2		Sosua		Coral	6120	3,4	3,16
829	435	166	2	2	0,1	Cabarete		C21	2131	2,62	2,44
830	435	220	3	3		Cabarete		Coral	9023	1,98	1,84
831	440	200	3	3		Sosua		C21	2944	2,2	2,05
832	443	177	3	2		Cabarete		West	3321	2,5	2,33
833	449	210	3	3		Cabarete		DR	3943	2,14	1,99
834	449	300	3	3		Cabarete		DR	4099	1,5	1,39
835	450	146	2	2,5		Cabarete		Coral	4042	3,08	2,87
836	450	155	3	2		Sosua		Coral	6232	2,9	2,7
837	450	156	3	2		Cabarete		C21	2936	2,88	2,68
838	450	162	2	2,5		Sosua		Coral	4049	2,78	2,58
839	450	206	3	3		Cabarete		Coral	6118	2,18	2,03
840	456	212	3	3		Sosua		DR	3990	2,15	2
841	460	218	3	3,5		Sosua		C21	2919	2,11	1,96
842	465	195	3	3		Cabarete		Coral	8055	2,38	2,22
843	470	158	2	2		Cabarete	2007	KI	303	2,97	2,77
844	470	198	2	2,5		Cabarete		DR	2844	2,37	2,21
845	475	102	2	2		Sosua		KI	351	4,66	4,33
846	475	200	3	3		Cabarete		Coral	144	2,38	2,21
847	480	234	3	3		Cabarete		C21	1536	2,05	1,91
848	485	270	3	3		Sosua		DR	4104	1,8	1,67
849	487	253	5	4,5	0,3	Sosua		C21	2548	1,92	1,79
850	495	105	2	2		Cabarete		Coral	9003	4,71	4,38
851	495	106	2	2		Cabarete		C21	1990	4,67	4,34
852	495	177	3	3		Cabarete		West	3636	2,8	2,6
853	495	213	3	3		Cabarete		Coral	6269	2,32	2,16
854	495	297	3	2,5		Cabarete		Coral	9078	1,67	1,55
855	499	280	3	2,5		Cabarete		West	2075	1,78	1,66
856	499	320	3	3		Cabarete		DR	3707	1,56	1,45
857	500	170	2	2		Cabarete		DR	3883	2,94	2,74
858	500	214	3	3		Cabarete		West	1569	2,34	2,17
859	500	234	3	3		Cabarete		Coral	4039	2,14	1,99
860	500	450	2	2		Cabarete		DR	3906	1,11	1,03
861	515	212	3	3		Cabarete		Coral	6117	2,43	2,26
862	525	212	2	2,5		Sosua		West	3392	2,48	2,3
863	525	230	3	3		Cabarete		West	2512	2,28	2,12
864	525	320	3	3		Sosua		DR	3874	1,64	1,53
865	533	213	3	3		Cabarete		Coral	3014	2,5	2,33
866	535	238	4	4		Sosua		KI	419	2,25	2,09
867	539	236	3	3,5		Cabarete		Coral	62	2,28	2,12
868	540	213	3	3		Cabarete		Coral	6022	2,54	2,36
869	550	160	2	2		Cabarete		Coral	4047	3,44	3,2
870	550	214	2	2,5		Cabarete		C21	2546	2,57	2,39
871	562	296	5	3		Cabarete		DR	3964	1,9	1,77
872	575	256	3	3,5		Cabarete		C21	2581	2,25	2,09
873	595	168	3	2,5		Cabarete		C21	2509	3,54	3,29
874	595	190	3	3		Cabarete		C21	1964	3,13	2,91
875	595	225	2	2		Cabarete		DR	1413	2,64	2,46
876	599	170	3	3		Cabarete		Coral	6061	3,52	3,28
877	599	175	3	3		Cabarete		Coral	9071	3,42	3,18
878	600	210	3	3		Cabarete		Coral	6023	2,86	2,66
879	619	214	2	2,5		Sosua		DR	3992	2,89	2,69
880	620	212	2	2,5		Sosua		Coral	8063	2,92	2,72
881	625	172	2	2,5		Cabarete		Coral	82	3,63	3,38
№	Цена (тыс USD)	Площадь апарт-мента (м2)	Коли-чество комнат (шт)	Коли-чество ванных (шт)	Расстояние до пляжа (км)	Город	Год	Компа-ния	Номер	Приведен. Цена (тыс USD)	Приведен. Очищ. Цена (тыс USD)
882	625	450	2	2		Cabarete		DR	3969	1,39	1,29
883	640	169	3	2		Cabarete		C21	2707	3,79	3,52
884	642	231	3	3		Sosua		KI	379	2,78	2,58
885	649	165	3	2		Cabarete		DR	1104	3,93	3,66
886	650	235	3	3,5		Sosua		Coral	6276	2,77	2,57
887	651	296	4	5		Cabarete		West	2479	2,2	2,05
888	680	233	3	3		Cabarete		DR	1714	2,92	2,71
889	690	250	3	3,5		Cabarete		Coral	110	2,76	2,57
890	690	262	3	3		Cabarete		C21	2140	2,63	2,45
891	695	190	3	3		Cabarete		Coral	20001	3,66	3,4
892	695	234	3	2		Sosua		C21	1731	2,97	2,76
893	695	300	3	2		Cabarete		KI	242	2,32	2,15
894	700	190	3	3		Cabarete		West	3227	3,68	3,43
895	750	135	2	2		Cabarete		Coral	5046	5,56	5,17
896	750	245	3	3		Cabarete		KI	349	3,06	2,85
897	750	250	3	3		Cabarete		Coral	6115	3	2,79
898	750	297	3	3		Cabarete		West	3318	2,53	2,35
899	750	420	3	3		Cabarete		DR	3728	1,79	1,66
900	770	315	3	3		Cabarete		KI	359	2,44	2,27
901	790	250	3	3		Cabarete		West	2633	3,16	2,94
902	800	257	4	3		Cabarete		Coral	6122	3,11	2,89
903	825	313	3	3,5		Sosua		West	3359	2,64	2,45
904	840	250	4	3		Cabarete		Coral	8013	3,36	3,12
905	840	284	4	3		Cabarete		C21	2974	2,96	2,75
906	850	332	5	5		Cabarete		Coral	122	2,56	2,38
907	850	400	3	3	0,1	Sosua		DR	3925	2,13	1,98
908	850	475	5	4,5		Sosua		Coral	6220	1,79	1,66
909	869	475	5	5		Cabarete		DR	3847	1,83	1,7
910	890	250	3	2		Sosua		KI	362	3,56	3,31
911	945	263	4	4		Cabarete	2007	KI	287	3,59	3,34
912	995	480	4	3,5		Cabarete		DR	3708	2,07	1,93